recent_days,z_open_threshold,z_close_threshold,profit_target,loss_limit,total_profit,number_of_trades,average_profit_per_trade
100,2.0,0.0,5000000,-3000000,5400000.0,3,1800000.0
100,2.0,0.0,5000000,-5000000,3000000.0,3,1000000.0
100,2.0,0.0,5000000,-7000000,-9900000.0,2,-4950000.0
100,2.0,0.0,7000000,-3000000,5500000.0,3,1833333.3333333333
100,2.0,0.0,7000000,-5000000,3100000.0,3,1033333.3333333334
100,2.0,0.0,7000000,-7000000,-9900000.0,2,-4950000.0
100,2.0,0.0,10000000,-3000000,5500000.0,3,1833333.3333333333
100,2.0,0.0,10000000,-5000000,3100000.0,3,1033333.3333333334
100,2.0,0.0,10000000,-7000000,-9900000.0,2,-4950000.0
100,2.0,0.5,5000000,-3000000,8400000.0,3,2800000.0
100,2.0,0.5,5000000,-5000000,6000000.0,3,2000000.0
100,2.0,0.5,5000000,-7000000,-6900000.0,2,-3450000.0
100,2.0,0.5,7000000,-3000000,8500000.0,3,2833333.3333333335
100,2.0,0.5,7000000,-5000000,6100000.0,3,2033333.3333333333
100,2.0,0.5,7000000,-7000000,-6900000.0,2,-3450000.0
100,2.0,0.5,10000000,-3000000,8500000.0,3,2833333.3333333335
100,2.0,0.5,10000000,-5000000,6100000.0,3,2033333.3333333333
100,2.0,0.5,10000000,-7000000,-6900000.0,2,-3450000.0
100,2.0,1.0,5000000,-3000000,8400000.0,3,2800000.0
100,2.0,1.0,5000000,-5000000,6000000.0,3,2000000.0
100,2.0,1.0,5000000,-7000000,-6900000.0,2,-3450000.0
100,2.0,1.0,7000000,-3000000,12600000.0,3,4200000.0
100,2.0,1.0,7000000,-5000000,10200000.0,3,3400000.0
100,2.0,1.0,7000000,-7000000,-6900000.0,2,-3450000.0
100,2.0,1.0,10000000,-3000000,12600000.0,3,4200000.0
100,2.0,1.0,10000000,-5000000,10200000.0,3,3400000.0
100,2.0,1.0,10000000,-7000000,-6900000.0,2,-3450000.0
100,2.5,0.0,5000000,-3000000,9700000.0,2,4850000.0
100,2.5,0.0,5000000,-5000000,9700000.0,2,4850000.0
100,2.5,0.0,5000000,-7000000,9700000.0,2,4850000.0
100,2.5,0.0,7000000,-3000000,9800000.0,2,4900000.0
100,2.5,0.0,7000000,-5000000,9800000.0,2,4900000.0
100,2.5,0.0,7000000,-7000000,9800000.0,2,4900000.0
100,2.5,0.0,10000000,-3000000,9800000.0,2,4900000.0
100,2.5,0.0,10000000,-5000000,9800000.0,2,4900000.0
100,2.5,0.0,10000000,-7000000,9800000.0,2,4900000.0
100,2.5,0.5,5000000,-3000000,12700000.0,2,6350000.0
100,2.5,0.5,5000000,-5000000,12700000.0,2,6350000.0
100,2.5,0.5,5000000,-7000000,12700000.0,2,6350000.0
100,2.5,0.5,7000000,-3000000,12800000.0,2,6400000.0
100,2.5,0.5,7000000,-5000000,12800000.0,2,6400000.0
100,2.5,0.5,7000000,-7000000,12800000.0,2,6400000.0
100,2.5,0.5,10000000,-3000000,12800000.0,2,6400000.0
100,2.5,0.5,10000000,-5000000,12800000.0,2,6400000.0
100,2.5,0.5,10000000,-7000000,12800000.0,2,6400000.0
100,2.5,1.0,5000000,-3000000,12700000.0,2,6350000.0
100,2.5,1.0,5000000,-5000000,12700000.0,2,6350000.0
100,2.5,1.0,5000000,-7000000,12700000.0,2,6350000.0
100,2.5,1.0,7000000,-3000000,16900000.0,2,8450000.0
100,2.5,1.0,7000000,-5000000,16900000.0,2,8450000.0
100,2.5,1.0,7000000,-7000000,16900000.0,2,8450000.0
100,2.5,1.0,10000000,-3000000,16900000.0,2,8450000.0
100,2.5,1.0,10000000,-5000000,16900000.0,2,8450000.0
100,2.5,1.0,10000000,-7000000,16900000.0,2,8450000.0
100,3.0,0.0,5000000,-3000000,6200000.0,1,6200000.0
100,3.0,0.0,5000000,-5000000,6200000.0,1,6200000.0
100,3.0,0.0,5000000,-7000000,6200000.0,1,6200000.0
100,3.0,0.0,7000000,-3000000,6300000.0,1,6300000.0
100,3.0,0.0,7000000,-5000000,6300000.0,1,6300000.0
100,3.0,0.0,7000000,-7000000,6300000.0,1,6300000.0
100,3.0,0.0,10000000,-3000000,6300000.0,1,6300000.0
100,3.0,0.0,10000000,-5000000,6300000.0,1,6300000.0
100,3.0,0.0,10000000,-7000000,6300000.0,1,6300000.0
100,3.0,0.5,5000000,-3000000,6200000.0,1,6200000.0
100,3.0,0.5,5000000,-5000000,6200000.0,1,6200000.0
100,3.0,0.5,5000000,-7000000,6200000.0,1,6200000.0
100,3.0,0.5,7000000,-3000000,6300000.0,1,6300000.0
100,3.0,0.5,7000000,-5000000,6300000.0,1,6300000.0
100,3.0,0.5,7000000,-7000000,6300000.0,1,6300000.0
100,3.0,0.5,10000000,-3000000,6300000.0,1,6300000.0
100,3.0,0.5,10000000,-5000000,6300000.0,1,6300000.0
100,3.0,0.5,10000000,-7000000,6300000.0,1,6300000.0
100,3.0,1.0,5000000,-3000000,6200000.0,1,6200000.0
100,3.0,1.0,5000000,-5000000,6200000.0,1,6200000.0
100,3.0,1.0,5000000,-7000000,6200000.0,1,6200000.0
100,3.0,1.0,7000000,-3000000,10400000.0,1,10400000.0
100,3.0,1.0,7000000,-5000000,10400000.0,1,10400000.0
100,3.0,1.0,7000000,-7000000,10400000.0,1,10400000.0
100,3.0,1.0,10000000,-3000000,10400000.0,1,10400000.0
100,3.0,1.0,10000000,-5000000,10400000.0,1,10400000.0
100,3.0,1.0,10000000,-7000000,10400000.0,1,10400000.0
200,2.0,0.0,5000000,-3000000,18540000.0,8,2317500.0
200,2.0,0.0,5000000,-5000000,24050000.0,8,3006250.0
200,2.0,0.0,5000000,-7000000,5050000.0,7,721428.5714285715
200,2.0,0.0,7000000,-3000000,21440000.0,8,2680000.0
200,2.0,0.0,7000000,-5000000,16050000.0,8,2006250.0
200,2.0,0.0,7000000,-7000000,3150000.0,6,525000.0
200,2.0,0.0,10000000,-3000000,17240000.0,8,2155000.0
200,2.0,0.0,10000000,-5000000,30750000.0,7,4392857.142857143
200,2.0,0.0,10000000,-7000000,11650000.0,6,1941666.6666666667
200,2.0,0.5,5000000,-3000000,21540000.0,8,2692500.0
200,2.0,0.5,5000000,-5000000,27050000.0,8,3381250.0
200,2.0,0.5,5000000,-7000000,8050000.0,7,1150000.0
200,2.0,0.5,7000000,-3000000,24440000.0,8,3055000.0
200,2.0,0.5,7000000,-5000000,19050000.0,8,2381250.0
200,2.0,0.5,7000000,-7000000,6150000.0,6,1025000.0
200,2.0,0.5,10000000,-3000000,20240000.0,8,2530000.0
200,2.0,0.5,10000000,-5000000,33750000.0,7,4821428.571428572
200,2.0,0.5,10000000,-7000000,14650000.0,6,2441666.6666666665
200,2.0,1.0,5000000,-3000000,21540000.0,8,2692500.0
200,2.0,1.0,5000000,-5000000,27050000.0,8,3381250.0
200,2.0,1.0,5000000,-7000000,8050000.0,7,1150000.0
200,2.0,1.0,7000000,-3000000,28540000.0,8,3567500.0
200,2.0,1.0,7000000,-5000000,23150000.0,8,2893750.0
200,2.0,1.0,7000000,-7000000,6150000.0,6,1025000.0
200,2.0,1.0,10000000,-3000000,27720000.0,8,3465000.0
200,2.0,1.0,10000000,-5000000,41230000.0,7,5890000.0
200,2.0,1.0,10000000,-7000000,18030000.0,6,3005000.0
200,2.5,0.0,5000000,-3000000,9700000.0,2,4850000.0
200,2.5,0.0,5000000,-5000000,9700000.0,2,4850000.0
200,2.5,0.0,5000000,-7000000,9700000.0,2,4850000.0
200,2.5,0.0,7000000,-3000000,9800000.0,2,4900000.0
200,2.5,0.0,7000000,-5000000,9800000.0,2,4900000.0
200,2.5,0.0,7000000,-7000000,9800000.0,2,4900000.0
200,2.5,0.0,10000000,-3000000,9800000.0,2,4900000.0
200,2.5,0.0,10000000,-5000000,9800000.0,2,4900000.0
200,2.5,0.0,10000000,-7000000,9800000.0,2,4900000.0
200,2.5,0.5,5000000,-3000000,12700000.0,2,6350000.0
200,2.5,0.5,5000000,-5000000,12700000.0,2,6350000.0
200,2.5,0.5,5000000,-7000000,12700000.0,2,6350000.0
200,2.5,0.5,7000000,-3000000,12800000.0,2,6400000.0
200,2.5,0.5,7000000,-5000000,12800000.0,2,6400000.0
200,2.5,0.5,7000000,-7000000,12800000.0,2,6400000.0
200,2.5,0.5,10000000,-3000000,12800000.0,2,6400000.0
200,2.5,0.5,10000000,-5000000,12800000.0,2,6400000.0
200,2.5,0.5,10000000,-7000000,12800000.0,2,6400000.0
200,2.5,1.0,5000000,-3000000,12700000.0,2,6350000.0
200,2.5,1.0,5000000,-5000000,12700000.0,2,6350000.0
200,2.5,1.0,5000000,-7000000,12700000.0,2,6350000.0
200,2.5,1.0,7000000,-3000000,16900000.0,2,8450000.0
200,2.5,1.0,7000000,-5000000,16900000.0,2,8450000.0
200,2.5,1.0,7000000,-7000000,16900000.0,2,8450000.0
200,2.5,1.0,10000000,-3000000,16900000.0,2,8450000.0
200,2.5,1.0,10000000,-5000000,16900000.0,2,8450000.0
200,2.5,1.0,10000000,-7000000,16900000.0,2,8450000.0
200,3.0,0.0,5000000,-3000000,6200000.0,1,6200000.0
200,3.0,0.0,5000000,-5000000,6200000.0,1,6200000.0
200,3.0,0.0,5000000,-7000000,6200000.0,1,6200000.0
200,3.0,0.0,7000000,-3000000,6300000.0,1,6300000.0
200,3.0,0.0,7000000,-5000000,6300000.0,1,6300000.0
200,3.0,0.0,7000000,-7000000,6300000.0,1,6300000.0
200,3.0,0.0,10000000,-3000000,6300000.0,1,6300000.0
200,3.0,0.0,10000000,-5000000,6300000.0,1,6300000.0
200,3.0,0.0,10000000,-7000000,6300000.0,1,6300000.0
200,3.0,0.5,5000000,-3000000,6200000.0,1,6200000.0
200,3.0,0.5,5000000,-5000000,6200000.0,1,6200000.0
200,3.0,0.5,5000000,-7000000,6200000.0,1,6200000.0
200,3.0,0.5,7000000,-3000000,6300000.0,1,6300000.0
200,3.0,0.5,7000000,-5000000,6300000.0,1,6300000.0
200,3.0,0.5,7000000,-7000000,6300000.0,1,6300000.0
200,3.0,0.5,10000000,-3000000,6300000.0,1,6300000.0
200,3.0,0.5,10000000,-5000000,6300000.0,1,6300000.0
200,3.0,0.5,10000000,-7000000,6300000.0,1,6300000.0
200,3.0,1.0,5000000,-3000000,6200000.0,1,6200000.0
200,3.0,1.0,5000000,-5000000,6200000.0,1,6200000.0
200,3.0,1.0,5000000,-7000000,6200000.0,1,6200000.0
200,3.0,1.0,7000000,-3000000,10400000.0,1,10400000.0
200,3.0,1.0,7000000,-5000000,10400000.0,1,10400000.0
200,3.0,1.0,7000000,-7000000,10400000.0,1,10400000.0
200,3.0,1.0,10000000,-3000000,10400000.0,1,10400000.0
200,3.0,1.0,10000000,-5000000,10400000.0,1,10400000.0
200,3.0,1.0,10000000,-7000000,10400000.0,1,10400000.0
300,2.0,0.0,5000000,-3000000,22940000.0,12,1911666.6666666667
300,2.0,0.0,5000000,-5000000,32830000.0,11,2984545.4545454546
300,2.0,0.0,5000000,-7000000,16310000.0,10,1631000.0
300,2.0,0.0,7000000,-3000000,25840000.0,12,2153333.3333333335
300,2.0,0.0,7000000,-5000000,24830000.0,11,2257272.727272727
300,2.0,0.0,7000000,-7000000,14410000.0,9,1601111.111111111
300,2.0,0.0,10000000,-3000000,21640000.0,12,1803333.3333333333
300,2.0,0.0,10000000,-5000000,39530000.0,10,3953000.0
300,2.0,0.0,10000000,-7000000,22910000.0,9,2545555.5555555555
300,2.0,0.5,5000000,-3000000,20980000.0,12,1748333.3333333333
300,2.0,0.5,5000000,-5000000,30870000.0,11,2806363.6363636362
300,2.0,0.5,5000000,-7000000,14350000.0,10,1435000.0
300,2.0,0.5,7000000,-3000000,23880000.0,12,1990000.0
300,2.0,0.5,7000000,-5000000,22870000.0,11,2079090.9090909092
300,2.0,0.5,7000000,-7000000,12450000.0,9,1383333.3333333333
300,2.0,0.5,10000000,-3000000,19680000.0,12,1640000.0
300,2.0,0.5,10000000,-5000000,37570000.0,10,3757000.0
300,2.0,0.5,10000000,-7000000,20950000.0,9,2327777.777777778
300,2.0,1.0,5000000,-3000000,26770000.0,11,2433636.3636363638
300,2.0,1.0,5000000,-5000000,31850000.0,11,2895454.5454545454
300,2.0,1.0,5000000,-7000000,18600000.0,10,1860000.0
300,2.0,1.0,7000000,-3000000,33770000.0,11,3070000.0
300,2.0,1.0,7000000,-5000000,27950000.0,11,2540909.090909091
300,2.0,1.0,7000000,-7000000,16700000.0,9,1855555.5555555555
300,2.0,1.0,10000000,-3000000,32950000.0,11,2995454.5454545454
300,2.0,1.0,10000000,-5000000,46030000.0,10,4603000.0
300,2.0,1.0,10000000,-7000000,28580000.0,9,3175555.5555555555
300,2.5,0.0,5000000,-3000000,9230000.0,4,2307500.0
300,2.5,0.0,5000000,-5000000,9230000.0,4,2307500.0
300,2.5,0.0,5000000,-7000000,3130000.0,4,782500.0
300,2.5,0.0,7000000,-3000000,9330000.0,4,2332500.0
300,2.5,0.0,7000000,-5000000,9330000.0,4,2332500.0
300,2.5,0.0,7000000,-7000000,3230000.0,4,807500.0
300,2.5,0.0,10000000,-3000000,9330000.0,4,2332500.0
300,2.5,0.0,10000000,-5000000,9330000.0,4,2332500.0
300,2.5,0.0,10000000,-7000000,3230000.0,4,807500.0
300,2.5,0.5,5000000,-3000000,12230000.0,4,3057500.0
300,2.5,0.5,5000000,-5000000,12230000.0,4,3057500.0
300,2.5,0.5,5000000,-7000000,6130000.0,4,1532500.0
300,2.5,0.5,7000000,-3000000,12330000.0,4,3082500.0
300,2.5,0.5,7000000,-5000000,12330000.0,4,3082500.0
300,2.5,0.5,7000000,-7000000,6230000.0,4,1557500.0
300,2.5,0.5,10000000,-3000000,12330000.0,4,3082500.0
300,2.5,0.5,10000000,-5000000,12330000.0,4,3082500.0
300,2.5,0.5,10000000,-7000000,6230000.0,4,1557500.0
300,2.5,1.0,5000000,-3000000,12230000.0,4,3057500.0
300,2.5,1.0,5000000,-5000000,12230000.0,4,3057500.0
300,2.5,1.0,5000000,-7000000,6130000.0,4,1532500.0
300,2.5,1.0,7000000,-3000000,15800000.0,4,3950000.0
300,2.5,1.0,7000000,-5000000,15800000.0,4,3950000.0
300,2.5,1.0,7000000,-7000000,9700000.0,4,2425000.0
300,2.5,1.0,10000000,-3000000,15800000.0,4,3950000.0
300,2.5,1.0,10000000,-5000000,15800000.0,4,3950000.0
300,2.5,1.0,10000000,-7000000,9700000.0,4,2425000.0
300,3.0,0.0,5000000,-3000000,6200000.0,1,6200000.0
300,3.0,0.0,5000000,-5000000,6200000.0,1,6200000.0
300,3.0,0.0,5000000,-7000000,6200000.0,1,6200000.0
300,3.0,0.0,7000000,-3000000,6300000.0,1,6300000.0
300,3.0,0.0,7000000,-5000000,6300000.0,1,6300000.0
300,3.0,0.0,7000000,-7000000,6300000.0,1,6300000.0
300,3.0,0.0,10000000,-3000000,6300000.0,1,6300000.0
300,3.0,0.0,10000000,-5000000,6300000.0,1,6300000.0
300,3.0,0.0,10000000,-7000000,6300000.0,1,6300000.0
300,3.0,0.5,5000000,-3000000,6200000.0,1,6200000.0
300,3.0,0.5,5000000,-5000000,6200000.0,1,6200000.0
300,3.0,0.5,5000000,-7000000,6200000.0,1,6200000.0
300,3.0,0.5,7000000,-3000000,6300000.0,1,6300000.0
300,3.0,0.5,7000000,-5000000,6300000.0,1,6300000.0
300,3.0,0.5,7000000,-7000000,6300000.0,1,6300000.0
300,3.0,0.5,10000000,-3000000,6300000.0,1,6300000.0
300,3.0,0.5,10000000,-5000000,6300000.0,1,6300000.0
300,3.0,0.5,10000000,-7000000,6300000.0,1,6300000.0
300,3.0,1.0,5000000,-3000000,6200000.0,1,6200000.0
300,3.0,1.0,5000000,-5000000,6200000.0,1,6200000.0
300,3.0,1.0,5000000,-7000000,6200000.0,1,6200000.0
300,3.0,1.0,7000000,-3000000,10400000.0,1,10400000.0
300,3.0,1.0,7000000,-5000000,10400000.0,1,10400000.0
300,3.0,1.0,7000000,-7000000,10400000.0,1,10400000.0
300,3.0,1.0,10000000,-3000000,10400000.0,1,10400000.0
300,3.0,1.0,10000000,-5000000,10400000.0,1,10400000.0
300,3.0,1.0,10000000,-7000000,10400000.0,1,10400000.0
400,2.0,0.0,5000000,-3000000,14740000.0,20,737000.0
400,2.0,0.0,5000000,-5000000,20670000.0,18,1148333.3333333333
400,2.0,0.0,5000000,-7000000,-1100000.0,15,-73333.33333333333
400,2.0,0.0,7000000,-3000000,19560000.0,20,978000.0
400,2.0,0.0,7000000,-5000000,13740000.0,18,763333.3333333334
400,2.0,0.0,7000000,-7000000,-3000000.0,14,-214285.7142857143
400,2.0,0.0,10000000,-3000000,16430000.0,20,821500.0
400,2.0,0.0,10000000,-5000000,28440000.0,17,1672941.1764705882
400,2.0,0.0,10000000,-7000000,5500000.0,14,392857.14285714284
400,2.0,0.5,5000000,-3000000,11690000.000000007,20,584500.0000000003
400,2.0,0.5,5000000,-5000000,23720000.000000007,17,1395294.1176470593
400,2.0,0.5,5000000,-7000000,-129999.99999999255,15,-8666.66666666617
400,2.0,0.5,7000000,-3000000,16510000.000000007,20,825500.0000000003
400,2.0,0.5,7000000,-5000000,17220000.000000007,17,1012941.1764705887
400,2.0,0.5,7000000,-7000000,-2029999.9999999925,14,-144999.99999999948
400,2.0,0.5,10000000,-3000000,13810000.000000007,20,690500.0000000003
400,2.0,0.5,10000000,-5000000,31920000.000000007,16,1995000.0000000005
400,2.0,0.5,10000000,-7000000,6470000.000000007,14,462142.8571428577
400,2.0,1.0,5000000,-3000000,17480000.000000007,19,920000.0000000003
400,2.0,1.0,5000000,-5000000,24700000.000000007,17,1452941.1764705887
400,2.0,1.0,5000000,-7000000,-3709999.9999999925,14,-264999.9999999995
400,2.0,1.0,7000000,-3000000,26400000.000000007,19,1389473.6842105268
400,2.0,1.0,7000000,-5000000,22300000.000000007,17,1311764.7058823535
400,2.0,1.0,7000000,-7000000,-5609999.999999993,13,-431538.461538461
400,2.0,1.0,10000000,-3000000,24770000.000000007,19,1303684.2105263162
400,2.0,1.0,10000000,-5000000,38070000.00000001,16,2379375.0000000005
400,2.0,1.0,10000000,-7000000,6270000.000000007,13,482307.6923076929
400,2.5,0.0,5000000,-3000000,3560000.0000000037,8,445000.00000000047
400,2.5,0.0,5000000,-5000000,-8119999.999999996,7,-1159999.9999999995
400,2.5,0.0,5000000,-7000000,-18079999.999999996,7,-2582857.1428571423
400,2.5,0.0,7000000,-3000000,4730000.000000004,8,591250.0000000005
400,2.5,0.0,7000000,-5000000,-8019999.999999996,7,-1145714.2857142852
400,2.5,0.0,7000000,-7000000,-17979999.999999996,7,-2568571.428571428
400,2.5,0.0,10000000,-3000000,4730000.000000004,8,591250.0000000005
400,2.5,0.0,10000000,-5000000,-8019999.999999996,7,-1145714.2857142852
400,2.5,0.0,10000000,-7000000,-17979999.999999996,7,-2568571.428571428
400,2.5,0.5,5000000,-3000000,6560000.000000004,8,820000.0000000005
400,2.5,0.5,5000000,-5000000,-5119999.999999996,7,-731428.5714285709
400,2.5,0.5,5000000,-7000000,-13659999.999999996,7,-1951428.571428571
400,2.5,0.5,7000000,-3000000,8160000.000000004,8,1020000.0000000005
400,2.5,0.5,7000000,-5000000,-5019999.999999996,7,-717142.8571428566
400,2.5,0.5,7000000,-7000000,-13559999.999999996,7,-1937142.8571428566
400,2.5,0.5,10000000,-3000000,8160000.000000004,8,1020000.0000000005
400,2.5,0.5,10000000,-5000000,-5019999.999999996,7,-717142.8571428566
400,2.5,0.5,10000000,-7000000,-13559999.999999996,7,-1937142.8571428566
400,2.5,1.0,5000000,-3000000,6560000.000000004,8,820000.0000000005
400,2.5,1.0,5000000,-5000000,-5119999.999999996,7,-731428.5714285709
400,2.5,1.0,5000000,-7000000,-17519999.999999996,7,-2502857.1428571423
400,2.5,1.0,7000000,-3000000,9320000.000000004,8,1165000.0000000005
400,2.5,1.0,7000000,-5000000,-1549999.9999999963,7,-221428.5714285709
400,2.5,1.0,7000000,-7000000,-13949999.999999996,7,-1992857.1428571423
400,2.5,1.0,10000000,-3000000,9320000.000000004,8,1165000.0000000005
400,2.5,1.0,10000000,-5000000,-1549999.9999999963,7,-221428.5714285709
400,2.5,1.0,10000000,-7000000,-13949999.999999996,7,-1992857.1428571423
400,3.0,0.0,5000000,-3000000,3070000.0,2,1535000.0
400,3.0,0.0,5000000,-5000000,760000.0,2,380000.0
400,3.0,0.0,5000000,-7000000,-860000.0,2,-430000.0
400,3.0,0.0,7000000,-3000000,3170000.0,2,1585000.0
400,3.0,0.0,7000000,-5000000,860000.0,2,430000.0
400,3.0,0.0,7000000,-7000000,-760000.0,2,-380000.0
400,3.0,0.0,10000000,-3000000,3170000.0,2,1585000.0
400,3.0,0.0,10000000,-5000000,860000.0,2,430000.0
400,3.0,0.0,10000000,-7000000,-760000.0,2,-380000.0
400,3.0,0.5,5000000,-3000000,3070000.0,2,1535000.0
400,3.0,0.5,5000000,-5000000,760000.0,2,380000.0
400,3.0,0.5,5000000,-7000000,-860000.0,2,-430000.0
400,3.0,0.5,7000000,-3000000,3170000.0,2,1585000.0
400,3.0,0.5,7000000,-5000000,860000.0,2,430000.0
400,3.0,0.5,7000000,-7000000,-760000.0,2,-380000.0
400,3.0,0.5,10000000,-3000000,3170000.0,2,1585000.0
400,3.0,0.5,10000000,-5000000,860000.0,2,430000.0
400,3.0,0.5,10000000,-7000000,-760000.0,2,-380000.0
400,3.0,1.0,5000000,-3000000,3070000.0,2,1535000.0
400,3.0,1.0,5000000,-5000000,760000.0,2,380000.0
400,3.0,1.0,5000000,-7000000,-860000.0,2,-430000.0
400,3.0,1.0,7000000,-3000000,7270000.0,2,3635000.0
400,3.0,1.0,7000000,-5000000,4960000.0,2,2480000.0
400,3.0,1.0,7000000,-7000000,3340000.0,2,1670000.0
400,3.0,1.0,10000000,-3000000,7270000.0,2,3635000.0
400,3.0,1.0,10000000,-5000000,4960000.0,2,2480000.0
400,3.0,1.0,10000000,-7000000,3340000.0,2,1670000.0
500,2.0,0.0,5000000,-3000000,10940000.0,21,520952.38095238095
500,2.0,0.0,5000000,-5000000,19270000.0,19,1014210.5263157894
500,2.0,0.0,5000000,-7000000,-2500000.0,16,-156250.0
500,2.0,0.0,7000000,-3000000,15760000.0,21,750476.1904761905
500,2.0,0.0,7000000,-5000000,12340000.0,19,649473.6842105263
500,2.0,0.0,7000000,-7000000,-4400000.0,15,-293333.3333333333
500,2.0,0.0,10000000,-3000000,12630000.0,21,601428.5714285715
500,2.0,0.0,10000000,-5000000,27040000.0,18,1502222.2222222222
500,2.0,0.0,10000000,-7000000,4100000.0,15,273333.3333333333
500,2.0,0.5,5000000,-3000000,7890000.000000007,21,375714.2857142861
500,2.0,0.5,5000000,-5000000,23170000.000000007,18,1287222.2222222227
500,2.0,0.5,5000000,-7000000,-679999.9999999925,16,-42499.999999999534
500,2.0,0.5,7000000,-3000000,12710000.000000007,21,605238.0952380956
500,2.0,0.5,7000000,-5000000,16670000.000000007,18,926111.1111111115
500,2.0,0.5,7000000,-7000000,-2579999.9999999925,15,-171999.9999999995
500,2.0,0.5,10000000,-3000000,10010000.000000007,21,476666.66666666704
500,2.0,0.5,10000000,-5000000,31370000.000000007,17,1845294.1176470593
500,2.0,0.5,10000000,-7000000,5920000.000000007,15,394666.66666666715
500,2.0,1.0,5000000,-3000000,13680000.000000007,20,684000.0000000003
500,2.0,1.0,5000000,-5000000,24150000.000000007,18,1341666.666666667
500,2.0,1.0,5000000,-7000000,-4259999.999999993,15,-283999.9999999995
500,2.0,1.0,7000000,-3000000,22600000.000000007,20,1130000.0000000005
500,2.0,1.0,7000000,-5000000,21750000.000000007,18,1208333.3333333337
500,2.0,1.0,7000000,-7000000,-6159999.999999993,14,-439999.9999999995
500,2.0,1.0,10000000,-3000000,20970000.000000007,20,1048500.0000000003
500,2.0,1.0,10000000,-5000000,37520000.00000001,17,2207058.823529412
500,2.0,1.0,10000000,-7000000,5720000.000000007,14,408571.4285714291
500,2.5,0.0,5000000,-3000000,3560000.0000000037,8,445000.00000000047
500,2.5,0.0,5000000,-5000000,-8119999.999999996,7,-1159999.9999999995
500,2.5,0.0,5000000,-7000000,-18079999.999999996,7,-2582857.1428571423
500,2.5,0.0,7000000,-3000000,4730000.000000004,8,591250.0000000005
500,2.5,0.0,7000000,-5000000,-8019999.999999996,7,-1145714.2857142852
500,2.5,0.0,7000000,-7000000,-17979999.999999996,7,-2568571.428571428
500,2.5,0.0,10000000,-3000000,4730000.000000004,8,591250.0000000005
500,2.5,0.0,10000000,-5000000,-8019999.999999996,7,-1145714.2857142852
500,2.5,0.0,10000000,-7000000,-17979999.999999996,7,-2568571.428571428
500,2.5,0.5,5000000,-3000000,6560000.000000004,8,820000.0000000005
500,2.5,0.5,5000000,-5000000,-5119999.999999996,7,-731428.5714285709
500,2.5,0.5,5000000,-7000000,-13659999.999999996,7,-1951428.571428571
500,2.5,0.5,7000000,-3000000,8160000.000000004,8,1020000.0000000005
500,2.5,0.5,7000000,-5000000,-5019999.999999996,7,-717142.8571428566
500,2.5,0.5,7000000,-7000000,-13559999.999999996,7,-1937142.8571428566
500,2.5,0.5,10000000,-3000000,8160000.000000004,8,1020000.0000000005
500,2.5,0.5,10000000,-5000000,-5019999.999999996,7,-717142.8571428566
500,2.5,0.5,10000000,-7000000,-13559999.999999996,7,-1937142.8571428566
500,2.5,1.0,5000000,-3000000,6560000.000000004,8,820000.0000000005
500,2.5,1.0,5000000,-5000000,-5119999.999999996,7,-731428.5714285709
500,2.5,1.0,5000000,-7000000,-17519999.999999996,7,-2502857.1428571423
500,2.5,1.0,7000000,-3000000,9320000.000000004,8,1165000.0000000005
500,2.5,1.0,7000000,-5000000,-1549999.9999999963,7,-221428.5714285709
500,2.5,1.0,7000000,-7000000,-13949999.999999996,7,-1992857.1428571423
500,2.5,1.0,10000000,-3000000,9320000.000000004,8,1165000.0000000005
500,2.5,1.0,10000000,-5000000,-1549999.9999999963,7,-221428.5714285709
500,2.5,1.0,10000000,-7000000,-13949999.999999996,7,-1992857.1428571423
500,3.0,0.0,5000000,-3000000,3070000.0,2,1535000.0
500,3.0,0.0,5000000,-5000000,760000.0,2,380000.0
500,3.0,0.0,5000000,-7000000,-860000.0,2,-430000.0
500,3.0,0.0,7000000,-3000000,3170000.0,2,1585000.0
500,3.0,0.0,7000000,-5000000,860000.0,2,430000.0
500,3.0,0.0,7000000,-7000000,-760000.0,2,-380000.0
500,3.0,0.0,10000000,-3000000,3170000.0,2,1585000.0
500,3.0,0.0,10000000,-5000000,860000.0,2,430000.0
500,3.0,0.0,10000000,-7000000,-760000.0,2,-380000.0
500,3.0,0.5,5000000,-3000000,3070000.0,2,1535000.0
500,3.0,0.5,5000000,-5000000,760000.0,2,380000.0
500,3.0,0.5,5000000,-7000000,-860000.0,2,-430000.0
500,3.0,0.5,7000000,-3000000,3170000.0,2,1585000.0
500,3.0,0.5,7000000,-5000000,860000.0,2,430000.0
500,3.0,0.5,7000000,-7000000,-760000.0,2,-380000.0
500,3.0,0.5,10000000,-3000000,3170000.0,2,1585000.0
500,3.0,0.5,10000000,-5000000,860000.0,2,430000.0
500,3.0,0.5,10000000,-7000000,-760000.0,2,-380000.0
500,3.0,1.0,5000000,-3000000,3070000.0,2,1535000.0
500,3.0,1.0,5000000,-5000000,760000.0,2,380000.0
500,3.0,1.0,5000000,-7000000,-860000.0,2,-430000.0
500,3.0,1.0,7000000,-3000000,7270000.0,2,3635000.0
500,3.0,1.0,7000000,-5000000,4960000.0,2,2480000.0
500,3.0,1.0,7000000,-7000000,3340000.0,2,1670000.0
500,3.0,1.0,10000000,-3000000,7270000.0,2,3635000.0
500,3.0,1.0,10000000,-5000000,4960000.0,2,2480000.0
500,3.0,1.0,10000000,-7000000,3340000.0,2,1670000.0
600,2.0,0.0,5000000,-3000000,20509999.999999993,28,732499.9999999998
600,2.0,0.0,5000000,-5000000,36299999.99999999,25,1451999.9999999998
600,2.0,0.0,5000000,-7000000,14529999.999999993,22,660454.5454545451
600,2.0,0.0,7000000,-3000000,36979999.99999999,28,1320714.2857142854
600,2.0,0.0,7000000,-5000000,32839999.999999993,25,1313599.9999999998
600,2.0,0.0,7000000,-7000000,16099999.999999993,21,766666.6666666663
600,2.0,0.0,10000000,-3000000,30229999.999999993,27,1119629.6296296294
600,2.0,0.0,10000000,-5000000,43919999.99999999,23,1909565.217391304
600,2.0,0.0,10000000,-7000000,20979999.999999993,20,1048999.9999999995
600,2.0,0.5,5000000,-3000000,19460000.0,28,695000.0
600,2.0,0.5,5000000,-5000000,42200000.0,24,1758333.3333333333
600,2.0,0.5,5000000,-7000000,18350000.0,22,834090.9090909091
600,2.0,0.5,7000000,-3000000,35930000.0,28,1283214.2857142857
600,2.0,0.5,7000000,-5000000,39170000.0,24,1632083.3333333333
600,2.0,0.5,7000000,-7000000,19920000.0,21,948571.4285714285
600,2.0,0.5,10000000,-3000000,29610000.0,27,1096666.6666666667
600,2.0,0.5,10000000,-5000000,50250000.0,22,2284090.909090909
600,2.0,0.5,10000000,-7000000,24800000.0,20,1240000.0
600,2.0,1.0,5000000,-3000000,20990000.0,26,807307.6923076923
600,2.0,1.0,5000000,-5000000,28640000.0,23,1245217.391304348
600,2.0,1.0,5000000,-7000000,-1100000.0,20,-55000.0
600,2.0,1.0,7000000,-3000000,31280000.0,26,1203076.923076923
600,2.0,1.0,7000000,-5000000,28380000.0,23,1233913.043478261
600,2.0,1.0,7000000,-7000000,-1080000.0000000037,19,-56842.10526315809
600,2.0,1.0,10000000,-3000000,38480000.0,25,1539200.0
600,2.0,1.0,10000000,-5000000,54310000.0,21,2586190.476190476
600,2.0,1.0,10000000,-7000000,22510000.0,18,1250555.5555555555
600,2.5,0.0,5000000,-3000000,2620000.0000000037,10,262000.00000000038
600,2.5,0.0,5000000,-5000000,-879999.9999999963,9,-97777.77777777736
600,2.5,0.0,5000000,-7000000,-10839999.999999996,9,-1204444.444444444
600,2.5,0.0,7000000,-3000000,3790000.0000000037,10,379000.00000000035
600,2.5,0.0,7000000,-5000000,-779999.9999999963,9,-86666.66666666625
600,2.5,0.0,7000000,-7000000,-10739999.999999996,9,-1193333.333333333
600,2.5,0.0,10000000,-3000000,3790000.0000000037,10,379000.00000000035
600,2.5,0.0,10000000,-5000000,-779999.9999999963,9,-86666.66666666625
600,2.5,0.0,10000000,-7000000,-10739999.999999996,9,-1193333.333333333
600,2.5,0.5,5000000,-3000000,6360000.000000004,10,636000.0000000003
600,2.5,0.5,5000000,-5000000,2860000.0000000037,9,317777.7777777782
600,2.5,0.5,5000000,-7000000,-5679999.999999996,9,-631111.1111111107
600,2.5,0.5,7000000,-3000000,7960000.000000004,10,796000.0000000003
600,2.5,0.5,7000000,-5000000,2960000.0000000037,9,328888.8888888893
600,2.5,0.5,7000000,-7000000,-5579999.999999996,9,-619999.9999999995
600,2.5,0.5,10000000,-3000000,7960000.000000004,10,796000.0000000003
600,2.5,0.5,10000000,-5000000,2960000.0000000037,9,328888.8888888893
600,2.5,0.5,10000000,-7000000,-5579999.999999996,9,-619999.9999999995
600,2.5,1.0,5000000,-3000000,8010000.000000004,10,801000.0000000003
600,2.5,1.0,5000000,-5000000,-5769999.999999996,9,-641111.1111111107
600,2.5,1.0,5000000,-7000000,-19499999.999999996,9,-2166666.666666666
600,2.5,1.0,7000000,-3000000,10770000.000000004,10,1077000.0000000005
600,2.5,1.0,7000000,-5000000,-2199999.9999999963,9,-244444.44444444403
600,2.5,1.0,7000000,-7000000,-15929999.999999996,9,-1769999.9999999995
600,2.5,1.0,10000000,-3000000,10770000.000000004,10,1077000.0000000005
600,2.5,1.0,10000000,-5000000,-2199999.9999999963,9,-244444.44444444403
600,2.5,1.0,10000000,-7000000,-15929999.999999996,9,-1769999.9999999995
600,3.0,0.0,5000000,-3000000,3070000.0,2,1535000.0
600,3.0,0.0,5000000,-5000000,760000.0,2,380000.0
600,3.0,0.0,5000000,-7000000,-860000.0,2,-430000.0
600,3.0,0.0,7000000,-3000000,3170000.0,2,1585000.0
600,3.0,0.0,7000000,-5000000,860000.0,2,430000.0
600,3.0,0.0,7000000,-7000000,-760000.0,2,-380000.0
600,3.0,0.0,10000000,-3000000,3170000.0,2,1585000.0
600,3.0,0.0,10000000,-5000000,860000.0,2,430000.0
600,3.0,0.0,10000000,-7000000,-760000.0,2,-380000.0
600,3.0,0.5,5000000,-3000000,3070000.0,2,1535000.0
600,3.0,0.5,5000000,-5000000,760000.0,2,380000.0
600,3.0,0.5,5000000,-7000000,-860000.0,2,-430000.0
600,3.0,0.5,7000000,-3000000,3170000.0,2,1585000.0
600,3.0,0.5,7000000,-5000000,860000.0,2,430000.0
600,3.0,0.5,7000000,-7000000,-760000.0,2,-380000.0
600,3.0,0.5,10000000,-3000000,3170000.0,2,1585000.0
600,3.0,0.5,10000000,-5000000,860000.0,2,430000.0
600,3.0,0.5,10000000,-7000000,-760000.0,2,-380000.0
600,3.0,1.0,5000000,-3000000,3070000.0,2,1535000.0
600,3.0,1.0,5000000,-5000000,760000.0,2,380000.0
600,3.0,1.0,5000000,-7000000,-860000.0,2,-430000.0
600,3.0,1.0,7000000,-3000000,7270000.0,2,3635000.0
600,3.0,1.0,7000000,-5000000,4960000.0,2,2480000.0
600,3.0,1.0,7000000,-7000000,3340000.0,2,1670000.0
600,3.0,1.0,10000000,-3000000,7270000.0,2,3635000.0
600,3.0,1.0,10000000,-5000000,4960000.0,2,2480000.0
600,3.0,1.0,10000000,-7000000,3340000.0,2,1670000.0
700,2.0,0.0,5000000,-3000000,25399999.99999999,35,725714.2857142854
700,2.0,0.0,5000000,-5000000,42599999.99999999,31,1374193.5483870965
700,2.0,0.0,5000000,-7000000,31139999.99999999,28,1112142.8571428568
700,2.0,0.0,7000000,-3000000,43849999.99999999,35,1252857.1428571427
700,2.0,0.0,7000000,-5000000,41119999.99999999,31,1326451.6129032255
700,2.0,0.0,7000000,-7000000,34689999.99999999,27,1284814.8148148146
700,2.0,0.0,10000000,-3000000,37099999.99999999,34,1091176.4705882352
700,2.0,0.0,10000000,-5000000,52199999.99999999,29,1799999.9999999998
700,2.0,0.0,10000000,-7000000,39569999.99999999,26,1521923.0769230765
700,2.0,0.5,5000000,-3000000,24349999.999999996,35,695714.2857142856
700,2.0,0.5,5000000,-5000000,48500000.0,30,1616666.6666666667
700,2.0,0.5,5000000,-7000000,34960000.0,28,1248571.4285714286
700,2.0,0.5,7000000,-3000000,45050000.0,35,1287142.857142857
700,2.0,0.5,7000000,-5000000,49700000.0,30,1656666.6666666667
700,2.0,0.5,7000000,-7000000,40090000.0,27,1484814.8148148148
700,2.0,0.5,10000000,-3000000,36760000.0,34,1081176.4705882352
700,2.0,0.5,10000000,-5000000,58810000.0,28,2100357.1428571427
700,2.0,0.5,10000000,-7000000,43000000.0,26,1653846.1538461538
700,2.0,1.0,5000000,-3000000,26249999.999999996,33,795454.5454545453
700,2.0,1.0,5000000,-5000000,35310000.0,29,1217586.2068965517
700,2.0,1.0,5000000,-7000000,15879999.999999996,26,610769.2307692306
700,2.0,1.0,7000000,-3000000,40770000.0,33,1235454.5454545454
700,2.0,1.0,7000000,-5000000,39280000.0,29,1354482.7586206896
700,2.0,1.0,7000000,-7000000,17869999.999999996,25,714799.9999999999
700,2.0,1.0,10000000,-3000000,41900000.0,32,1309375.0
700,2.0,1.0,10000000,-5000000,59140000.0,27,2190370.3703703703
700,2.0,1.0,10000000,-7000000,35390000.0,24,1474583.3333333333
700,2.5,0.0,5000000,-3000000,4270000.000000004,14,305000.0000000003
700,2.5,0.0,5000000,-5000000,1340000.0000000037,12,111666.66666666698
700,2.5,0.0,5000000,-7000000,-10669999.999999996,12,-889166.6666666664
700,2.5,0.0,7000000,-3000000,5220000.000000004,14,372857.14285714313
700,2.5,0.0,7000000,-5000000,1220000.0000000037,12,101666.66666666698
700,2.5,0.0,7000000,-7000000,-10789999.999999996,12,-899166.6666666664
700,2.5,0.0,10000000,-3000000,5220000.000000004,14,372857.14285714313
700,2.5,0.0,10000000,-5000000,1220000.0000000037,12,101666.66666666698
700,2.5,0.0,10000000,-7000000,-10789999.999999996,12,-899166.6666666664
700,2.5,0.5,5000000,-3000000,8010000.000000004,14,572142.8571428574
700,2.5,0.5,5000000,-5000000,5080000.000000004,12,423333.33333333366
700,2.5,0.5,5000000,-7000000,-5509999.999999996,12,-459166.66666666634
700,2.5,0.5,7000000,-3000000,11640000.000000004,14,831428.5714285717
700,2.5,0.5,7000000,-5000000,7210000.000000004,12,600833.3333333336
700,2.5,0.5,7000000,-7000000,-3379999.9999999963,12,-281666.66666666634
700,2.5,0.5,10000000,-3000000,11640000.000000004,14,831428.5714285717
700,2.5,0.5,10000000,-5000000,7210000.000000004,12,600833.3333333336
700,2.5,0.5,10000000,-7000000,-3379999.9999999963,12,-281666.66666666634
700,2.5,1.0,5000000,-3000000,10030000.000000004,14,716428.5714285717
700,2.5,1.0,5000000,-5000000,-3179999.9999999963,12,-264999.9999999997
700,2.5,1.0,5000000,-7000000,-18959999.999999996,12,-1579999.9999999998
700,2.5,1.0,7000000,-3000000,14820000.000000004,14,1058571.4285714289
700,2.5,1.0,7000000,-5000000,2420000.0000000037,12,201666.66666666698
700,2.5,1.0,7000000,-7000000,-13359999.999999996,12,-1113333.333333333
700,2.5,1.0,10000000,-3000000,14820000.000000004,14,1058571.4285714289
700,2.5,1.0,10000000,-5000000,2420000.0000000037,12,201666.66666666698
700,2.5,1.0,10000000,-7000000,-13359999.999999996,12,-1113333.333333333
700,3.0,0.0,5000000,-3000000,3070000.0,2,1535000.0
700,3.0,0.0,5000000,-5000000,760000.0,2,380000.0
700,3.0,0.0,5000000,-7000000,-860000.0,2,-430000.0
700,3.0,0.0,7000000,-3000000,3170000.0,2,1585000.0
700,3.0,0.0,7000000,-5000000,860000.0,2,430000.0
700,3.0,0.0,7000000,-7000000,-760000.0,2,-380000.0
700,3.0,0.0,10000000,-3000000,3170000.0,2,1585000.0
700,3.0,0.0,10000000,-5000000,860000.0,2,430000.0
700,3.0,0.0,10000000,-7000000,-760000.0,2,-380000.0
700,3.0,0.5,5000000,-3000000,3070000.0,2,1535000.0
700,3.0,0.5,5000000,-5000000,760000.0,2,380000.0
700,3.0,0.5,5000000,-7000000,-860000.0,2,-430000.0
700,3.0,0.5,7000000,-3000000,3170000.0,2,1585000.0
700,3.0,0.5,7000000,-5000000,860000.0,2,430000.0
700,3.0,0.5,7000000,-7000000,-760000.0,2,-380000.0
700,3.0,0.5,10000000,-3000000,3170000.0,2,1585000.0
700,3.0,0.5,10000000,-5000000,860000.0,2,430000.0
700,3.0,0.5,10000000,-7000000,-760000.0,2,-380000.0
700,3.0,1.0,5000000,-3000000,3070000.0,2,1535000.0
700,3.0,1.0,5000000,-5000000,760000.0,2,380000.0
700,3.0,1.0,5000000,-7000000,-860000.0,2,-430000.0
700,3.0,1.0,7000000,-3000000,7270000.0,2,3635000.0
700,3.0,1.0,7000000,-5000000,4960000.0,2,2480000.0
700,3.0,1.0,7000000,-7000000,3340000.0,2,1670000.0
700,3.0,1.0,10000000,-3000000,7270000.0,2,3635000.0
700,3.0,1.0,10000000,-5000000,4960000.0,2,2480000.0
700,3.0,1.0,10000000,-7000000,3340000.0,2,1670000.0
800,2.0,0.0,5000000,-3000000,32979999.999999993,38,867894.736842105
800,2.0,0.0,5000000,-5000000,50179999.99999999,34,1475882.3529411762
800,2.0,0.0,5000000,-7000000,38719999.99999999,31,1249032.258064516
800,2.0,0.0,7000000,-3000000,51430000.0,38,1353421.0526315789
800,2.0,0.0,7000000,-5000000,48700000.0,34,1432352.9411764706
800,2.0,0.0,7000000,-7000000,42270000.0,30,1409000.0
800,2.0,0.0,10000000,-3000000,44680000.0,37,1207567.5675675676
800,2.0,0.0,10000000,-5000000,59780000.0,32,1868125.0
800,2.0,0.0,10000000,-7000000,47150000.0,29,1625862.0689655172
800,2.0,0.5,5000000,-3000000,32699999.999999996,38,860526.3157894736
800,2.0,0.5,5000000,-5000000,56850000.0,33,1722727.2727272727
800,2.0,0.5,5000000,-7000000,43310000.0,31,1397096.7741935484
800,2.0,0.5,7000000,-3000000,53400000.0,38,1405263.1578947369
800,2.0,0.5,7000000,-5000000,58050000.0,33,1759090.9090909092
800,2.0,0.5,7000000,-7000000,48440000.0,30,1614666.6666666667
800,2.0,0.5,10000000,-3000000,45110000.0,37,1219189.189189189
800,2.0,0.5,10000000,-5000000,67160000.0,31,2166451.6129032257
800,2.0,0.5,10000000,-7000000,51350000.0,29,1770689.6551724137
800,2.0,1.0,5000000,-3000000,36710000.0,36,1019722.2222222222
800,2.0,1.0,5000000,-5000000,45770000.0,32,1430312.5
800,2.0,1.0,5000000,-7000000,26340000.0,29,908275.8620689656
800,2.0,1.0,7000000,-3000000,51230000.0,36,1423055.5555555555
800,2.0,1.0,7000000,-5000000,49740000.0,32,1554375.0
800,2.0,1.0,7000000,-7000000,28330000.0,28,1011785.7142857143
800,2.0,1.0,10000000,-3000000,52360000.0,35,1496000.0
800,2.0,1.0,10000000,-5000000,69600000.0,30,2320000.0
800,2.0,1.0,10000000,-7000000,45850000.0,27,1698148.148148148
800,2.5,0.0,5000000,-3000000,7540000.000000004,15,502666.6666666669
800,2.5,0.0,5000000,-5000000,4610000.000000004,13,354615.3846153849
800,2.5,0.0,5000000,-7000000,-7399999.999999996,13,-569230.7692307689
800,2.5,0.0,7000000,-3000000,8490000.000000004,15,566000.0000000002
800,2.5,0.0,7000000,-5000000,4490000.000000004,13,345384.61538461567
800,2.5,0.0,7000000,-7000000,-7519999.999999996,13,-578461.5384615381
800,2.5,0.0,10000000,-3000000,8490000.000000004,15,566000.0000000002
800,2.5,0.0,10000000,-5000000,4490000.000000004,13,345384.61538461567
800,2.5,0.0,10000000,-7000000,-7519999.999999996,13,-578461.5384615381
800,2.5,0.5,5000000,-3000000,12030000.0,15,802000.0
800,2.5,0.5,5000000,-5000000,9100000.0,13,700000.0
800,2.5,0.5,5000000,-7000000,-1490000.0,13,-114615.38461538461
800,2.5,0.5,7000000,-3000000,15660000.0,15,1044000.0
800,2.5,0.5,7000000,-5000000,11230000.0,13,863846.1538461539
800,2.5,0.5,7000000,-7000000,640000.0,13,49230.769230769234
800,2.5,0.5,10000000,-3000000,15660000.0,15,1044000.0
800,2.5,0.5,10000000,-5000000,11230000.0,13,863846.1538461539
800,2.5,0.5,10000000,-7000000,640000.0,13,49230.769230769234
800,2.5,1.0,5000000,-3000000,14510000.000000004,15,967333.3333333336
800,2.5,1.0,5000000,-5000000,1300000.0000000037,13,100000.00000000029
800,2.5,1.0,5000000,-7000000,-14479999.999999996,13,-1113846.1538461535
800,2.5,1.0,7000000,-3000000,19300000.000000004,15,1286666.666666667
800,2.5,1.0,7000000,-5000000,6900000.000000004,13,530769.2307692311
800,2.5,1.0,7000000,-7000000,-8879999.999999996,13,-683076.9230769228
800,2.5,1.0,10000000,-3000000,19300000.000000004,15,1286666.666666667
800,2.5,1.0,10000000,-5000000,6900000.000000004,13,530769.2307692311
800,2.5,1.0,10000000,-7000000,-8879999.999999996,13,-683076.9230769228
800,3.0,0.0,5000000,-3000000,3070000.0,2,1535000.0
800,3.0,0.0,5000000,-5000000,760000.0,2,380000.0
800,3.0,0.0,5000000,-7000000,-860000.0,2,-430000.0
800,3.0,0.0,7000000,-3000000,3170000.0,2,1585000.0
800,3.0,0.0,7000000,-5000000,860000.0,2,430000.0
800,3.0,0.0,7000000,-7000000,-760000.0,2,-380000.0
800,3.0,0.0,10000000,-3000000,3170000.0,2,1585000.0
800,3.0,0.0,10000000,-5000000,860000.0,2,430000.0
800,3.0,0.0,10000000,-7000000,-760000.0,2,-380000.0
800,3.0,0.5,5000000,-3000000,3070000.0,2,1535000.0
800,3.0,0.5,5000000,-5000000,760000.0,2,380000.0
800,3.0,0.5,5000000,-7000000,-860000.0,2,-430000.0
800,3.0,0.5,7000000,-3000000,3170000.0,2,1585000.0
800,3.0,0.5,7000000,-5000000,860000.0,2,430000.0
800,3.0,0.5,7000000,-7000000,-760000.0,2,-380000.0
800,3.0,0.5,10000000,-3000000,3170000.0,2,1585000.0
800,3.0,0.5,10000000,-5000000,860000.0,2,430000.0
800,3.0,0.5,10000000,-7000000,-760000.0,2,-380000.0
800,3.0,1.0,5000000,-3000000,3070000.0,2,1535000.0
800,3.0,1.0,5000000,-5000000,760000.0,2,380000.0
800,3.0,1.0,5000000,-7000000,-860000.0,2,-430000.0
800,3.0,1.0,7000000,-3000000,7270000.0,2,3635000.0
800,3.0,1.0,7000000,-5000000,4960000.0,2,2480000.0
800,3.0,1.0,7000000,-7000000,3340000.0,2,1670000.0
800,3.0,1.0,10000000,-3000000,7270000.0,2,3635000.0
800,3.0,1.0,10000000,-5000000,4960000.0,2,2480000.0
800,3.0,1.0,10000000,-7000000,3340000.0,2,1670000.0
900,2.0,0.0,5000000,-3000000,20279999.999999993,44,460909.09090909077
900,2.0,0.0,5000000,-5000000,34779999.99999999,39,891794.8717948716
900,2.0,0.0,5000000,-7000000,25079999.999999993,35,716571.4285714284
900,2.0,0.0,7000000,-3000000,38790000.0,44,881590.9090909091
900,2.0,0.0,7000000,-5000000,33359999.999999996,39,855384.6153846153
900,2.0,0.0,7000000,-7000000,28629999.999999996,34,842058.8235294117
900,2.0,0.0,10000000,-3000000,32039999.999999996,43,745116.2790697673
900,2.0,0.0,10000000,-5000000,44440000.0,37,1201081.0810810812
900,2.0,0.0,10000000,-7000000,33509999.999999996,33,1015454.5454545453
900,2.0,0.5,5000000,-3000000,19999999.999999996,44,454545.4545454545
900,2.0,0.5,5000000,-5000000,41060000.0,38,1080526.3157894737
900,2.0,0.5,5000000,-7000000,26739999.999999996,34,786470.588235294
900,2.0,0.5,7000000,-3000000,34640000.0,43,805581.3953488372
900,2.0,0.5,7000000,-5000000,36590000.0,37,988918.9189189189
900,2.0,0.5,7000000,-7000000,31870000.0,33,965757.5757575758
900,2.0,0.5,10000000,-3000000,26350000.0,42,627380.9523809524
900,2.0,0.5,10000000,-5000000,45700000.0,35,1305714.2857142857
900,2.0,0.5,10000000,-7000000,34780000.0,32,1086875.0
900,2.0,1.0,5000000,-3000000,24010000.0,42,571666.6666666666
900,2.0,1.0,5000000,-5000000,29980000.0,37,810270.2702702703
900,2.0,1.0,5000000,-7000000,10380000.0,32,324375.0
900,2.0,1.0,7000000,-3000000,32470000.000000004,41,791951.2195121952
900,2.0,1.0,7000000,-5000000,28280000.000000004,36,785555.5555555556
900,2.0,1.0,7000000,-7000000,12370000.0,31,399032.2580645161
900,2.0,1.0,10000000,-3000000,33600000.0,40,840000.0
900,2.0,1.0,10000000,-5000000,48140000.0,34,1415882.3529411764
900,2.0,1.0,10000000,-7000000,29890000.000000004,30,996333.3333333335
900,2.5,0.0,5000000,-3000000,500000.0000000037,17,29411.76470588257
900,2.5,0.0,5000000,-5000000,-6429999.999999996,15,-428666.6666666664
900,2.5,0.0,5000000,-7000000,-17829999.999999996,15,-1188666.6666666665
900,2.5,0.0,7000000,-3000000,1450000.0000000037,17,85294.11764705904
900,2.5,0.0,7000000,-5000000,-6549999.999999996,15,-436666.6666666664
900,2.5,0.0,7000000,-7000000,-17949999.999999996,15,-1196666.6666666665
900,2.5,0.0,10000000,-3000000,1450000.0000000037,17,85294.11764705904
900,2.5,0.0,10000000,-5000000,-6549999.999999996,15,-436666.6666666664
900,2.5,0.0,10000000,-7000000,-17949999.999999996,15,-1196666.6666666665
900,2.5,0.5,5000000,-3000000,4990000.0,17,293529.4117647059
900,2.5,0.5,5000000,-5000000,-1940000.0,15,-129333.33333333333
900,2.5,0.5,5000000,-7000000,-11220000.0,15,-748000.0
900,2.5,0.5,7000000,-3000000,8620000.0,17,507058.82352941175
900,2.5,0.5,7000000,-5000000,190000.0,15,12666.666666666666
900,2.5,0.5,7000000,-7000000,-9090000.0,15,-606000.0
900,2.5,0.5,10000000,-3000000,8620000.0,17,507058.82352941175
900,2.5,0.5,10000000,-5000000,190000.0,15,12666.666666666666
900,2.5,0.5,10000000,-7000000,-9090000.0,15,-606000.0
900,2.5,1.0,5000000,-3000000,7470000.000000004,17,439411.7647058826
900,2.5,1.0,5000000,-5000000,-9739999.999999996,15,-649333.3333333331
900,2.5,1.0,5000000,-7000000,-23599999.999999996,15,-1573333.333333333
900,2.5,1.0,7000000,-3000000,12260000.000000004,17,721176.4705882355
900,2.5,1.0,7000000,-5000000,-4139999.9999999963,15,-275999.99999999977
900,2.5,1.0,7000000,-7000000,-17999999.999999996,15,-1199999.9999999998
900,2.5,1.0,10000000,-3000000,12260000.000000004,17,721176.4705882355
900,2.5,1.0,10000000,-5000000,-4139999.9999999963,15,-275999.99999999977
900,2.5,1.0,10000000,-7000000,-17999999.999999996,15,-1199999.9999999998
900,3.0,0.0,5000000,-3000000,-4160000.0,4,-1040000.0
900,3.0,0.0,5000000,-5000000,-9890000.0,4,-2472500.0
900,3.0,0.0,5000000,-7000000,-10870000.0,4,-2717500.0
900,3.0,0.0,7000000,-3000000,-4060000.0,4,-1015000.0
900,3.0,0.0,7000000,-5000000,-9790000.0,4,-2447500.0
900,3.0,0.0,7000000,-7000000,-10770000.0,4,-2692500.0
900,3.0,0.0,10000000,-3000000,-4060000.0,4,-1015000.0
900,3.0,0.0,10000000,-5000000,-9790000.0,4,-2447500.0
900,3.0,0.0,10000000,-7000000,-10770000.0,4,-2692500.0
900,3.0,0.5,5000000,-3000000,-4160000.0,4,-1040000.0
900,3.0,0.5,5000000,-5000000,-9890000.0,4,-2472500.0
900,3.0,0.5,5000000,-7000000,-10170000.0,4,-2542500.0
900,3.0,0.5,7000000,-3000000,-4060000.0,4,-1015000.0
900,3.0,0.5,7000000,-5000000,-9790000.0,4,-2447500.0
900,3.0,0.5,7000000,-7000000,-10070000.0,4,-2517500.0
900,3.0,0.5,10000000,-3000000,-4060000.0,4,-1015000.0
900,3.0,0.5,10000000,-5000000,-9790000.0,4,-2447500.0
900,3.0,0.5,10000000,-7000000,-10070000.0,4,-2517500.0
900,3.0,1.0,5000000,-3000000,-4160000.0,4,-1040000.0
900,3.0,1.0,5000000,-5000000,-9890000.0,4,-2472500.0
900,3.0,1.0,5000000,-7000000,-9560000.0,4,-2390000.0
900,3.0,1.0,7000000,-3000000,40000.0,4,10000.0
900,3.0,1.0,7000000,-5000000,-5690000.0,4,-1422500.0
900,3.0,1.0,7000000,-7000000,-5360000.0,4,-1340000.0
900,3.0,1.0,10000000,-3000000,40000.0,4,10000.0
900,3.0,1.0,10000000,-5000000,-5690000.0,4,-1422500.0
900,3.0,1.0,10000000,-7000000,-5360000.0,4,-1340000.0
1000,2.0,0.0,5000000,-3000000,18049999.999999993,48,376041.6666666665
1000,2.0,0.0,5000000,-5000000,35319999.99999999,42,840952.3809523808
1000,2.0,0.0,5000000,-7000000,24139999.999999993,38,635263.1578947366
1000,2.0,0.0,7000000,-3000000,36559999.99999999,48,761666.6666666665
1000,2.0,0.0,7000000,-5000000,33899999.99999999,42,807142.8571428569
1000,2.0,0.0,7000000,-7000000,27689999.999999996,37,748378.3783783782
1000,2.0,0.0,10000000,-3000000,23049999.999999996,46,501086.9565217391
1000,2.0,0.0,10000000,-5000000,35430000.0,39,908461.5384615385
1000,2.0,0.0,10000000,-7000000,24859999.999999996,35,710285.7142857142
1000,2.0,0.5,5000000,-3000000,17769999.999999993,48,370208.3333333332
1000,2.0,0.5,5000000,-5000000,41599999.99999999,41,1014634.1463414632
1000,2.0,0.5,5000000,-7000000,25799999.999999993,37,697297.297297297
1000,2.0,0.5,7000000,-3000000,32410000.0,47,689574.4680851063
1000,2.0,0.5,7000000,-5000000,37130000.0,40,928250.0
1000,2.0,0.5,7000000,-7000000,30930000.0,36,859166.6666666666
1000,2.0,0.5,10000000,-3000000,17360000.0,45,385777.77777777775
1000,2.0,0.5,10000000,-5000000,36690000.0,37,991621.6216216217
1000,2.0,0.5,10000000,-7000000,26130000.0,34,768529.4117647059
1000,2.0,1.0,5000000,-3000000,20360000.0,46,442608.6956521739
1000,2.0,1.0,5000000,-5000000,29100000.0,40,727500.0
1000,2.0,1.0,5000000,-7000000,8019999.999999998,35,229142.8571428571
1000,2.0,1.0,7000000,-3000000,28820000.0,45,640444.4444444445
1000,2.0,1.0,7000000,-5000000,27400000.0,39,702564.1025641026
1000,2.0,1.0,7000000,-7000000,10009999.999999998,34,294411.7647058823
1000,2.0,1.0,10000000,-3000000,23190000.000000004,43,539302.3255813954
1000,2.0,1.0,10000000,-5000000,37710000.0,36,1047500.0
1000,2.0,1.0,10000000,-7000000,19820000.000000004,32,619375.0000000001
1000,2.5,0.0,5000000,-3000000,-239999.99999999814,20,-11999.999999999907
1000,2.5,0.0,5000000,-5000000,-9599999.999999998,18,-533333.3333333333
1000,2.5,0.0,5000000,-7000000,-16980000.0,17,-998823.5294117647
1000,2.5,0.0,7000000,-3000000,710000.0000000019,20,35500.000000000095
1000,2.5,0.0,7000000,-5000000,-9719999.999999998,18,-539999.9999999999
1000,2.5,0.0,7000000,-7000000,-17100000.0,17,-1005882.3529411765
1000,2.5,0.0,10000000,-3000000,-6049999.999999996,19,-318421.05263157876
1000,2.5,0.0,10000000,-5000000,-19269999.999999996,17,-1133529.4117647056
1000,2.5,0.0,10000000,-7000000,-24809999.999999996,16,-1550624.9999999998
1000,2.5,0.5,5000000,-3000000,4249999.999999998,20,212499.9999999999
1000,2.5,0.5,5000000,-5000000,-5110000.000000002,18,-283888.888888889
1000,2.5,0.5,5000000,-7000000,-10370000.000000002,17,-610000.0000000001
1000,2.5,0.5,7000000,-3000000,7879999.999999998,20,393999.9999999999
1000,2.5,0.5,7000000,-5000000,-2980000.000000002,18,-165555.55555555565
1000,2.5,0.5,7000000,-7000000,-8240000.000000002,17,-484705.88235294126
1000,2.5,0.5,10000000,-3000000,1120000.0,19,58947.36842105263
1000,2.5,0.5,10000000,-5000000,-12530000.0,17,-737058.8235294118
1000,2.5,0.5,10000000,-7000000,-15950000.0,16,-996875.0
1000,2.5,1.0,5000000,-3000000,6730000.000000002,20,336500.0000000001
1000,2.5,1.0,5000000,-5000000,-12909999.999999998,18,-717222.2222222221
1000,2.5,1.0,5000000,-7000000,-22750000.0,17,-1338235.294117647
1000,2.5,1.0,7000000,-3000000,11520000.000000002,20,576000.0000000001
1000,2.5,1.0,7000000,-5000000,-7309999.999999998,18,-406111.111111111
1000,2.5,1.0,7000000,-7000000,-17150000.0,17,-1008823.5294117647
1000,2.5,1.0,10000000,-3000000,4760000.000000004,19,250526.31578947388
1000,2.5,1.0,10000000,-5000000,-16859999.999999996,17,-991764.7058823528
1000,2.5,1.0,10000000,-7000000,-24859999.999999996,16,-1553749.9999999998
1000,3.0,0.0,5000000,-3000000,-4160000.0,4,-1040000.0
1000,3.0,0.0,5000000,-5000000,-9890000.0,4,-2472500.0
1000,3.0,0.0,5000000,-7000000,-10870000.0,4,-2717500.0
1000,3.0,0.0,7000000,-3000000,-4060000.0,4,-1015000.0
1000,3.0,0.0,7000000,-5000000,-9790000.0,4,-2447500.0
1000,3.0,0.0,7000000,-7000000,-10770000.0,4,-2692500.0
1000,3.0,0.0,10000000,-3000000,-4060000.0,4,-1015000.0
1000,3.0,0.0,10000000,-5000000,-9790000.0,4,-2447500.0
1000,3.0,0.0,10000000,-7000000,-10770000.0,4,-2692500.0
1000,3.0,0.5,5000000,-3000000,-4160000.0,4,-1040000.0
1000,3.0,0.5,5000000,-5000000,-9890000.0,4,-2472500.0
1000,3.0,0.5,5000000,-7000000,-10170000.0,4,-2542500.0
1000,3.0,0.5,7000000,-3000000,-4060000.0,4,-1015000.0
1000,3.0,0.5,7000000,-5000000,-9790000.0,4,-2447500.0
1000,3.0,0.5,7000000,-7000000,-10070000.0,4,-2517500.0
1000,3.0,0.5,10000000,-3000000,-4060000.0,4,-1015000.0
1000,3.0,0.5,10000000,-5000000,-9790000.0,4,-2447500.0
1000,3.0,0.5,10000000,-7000000,-10070000.0,4,-2517500.0
1000,3.0,1.0,5000000,-3000000,-4160000.0,4,-1040000.0
1000,3.0,1.0,5000000,-5000000,-9890000.0,4,-2472500.0
1000,3.0,1.0,5000000,-7000000,-9560000.0,4,-2390000.0
1000,3.0,1.0,7000000,-3000000,40000.0,4,10000.0
1000,3.0,1.0,7000000,-5000000,-5690000.0,4,-1422500.0
1000,3.0,1.0,7000000,-7000000,-5360000.0,4,-1340000.0
1000,3.0,1.0,10000000,-3000000,40000.0,4,10000.0
1000,3.0,1.0,10000000,-5000000,-5690000.0,4,-1422500.0
1000,3.0,1.0,10000000,-7000000,-5360000.0,4,-1340000.0
